Anda,
Dia,
Dan,
Di,
Ke,
Apa,
Nama,
Ada,
Tidak,
Ya,
Boleh,
Khabar,
Selamat,
Terima kasih,
Sama-sama,
Tolong,
Maaf,
Jumpa lagi,
Makan,
Belajar,
Pergi,
Suka,
Buat,
Tidur,
Minum,
Datang,
Kawan,
Keluarga,
Rumah,
Buku,
Kelas,
Air,
Baik,
Lapar,
Penat,
Bekerja,
Mandi,
Masak,
Bersiap,
Berehat,
Sapu,
Menulis,
Melihat,
Mencari,
Meja,
Kertas,
Pakaian,
Guru,
Pelajar,
Papan putih,
Jam dinding,
Rak buku,
Dapur,
Hari,
Sekarang,
Setiap hari,
Hujung minggu,
Waktu/Masa,
Bulan,
Satu,
Dua,
Tiga,
Empat,
Tahun,
Esok,
Hari ini,
Tadi,
Belum,
Masih,
Sudah,
Akan,
Selalu,
Warna,
Bentuk,
Besar,
Baru,
Tua,
Muda,
Sedap,
Betul,
Berapa,
Orang,
Tempat,
Di mana,
Adik-beradik,
Datuk,
Nenek,
Abang,
Kakak,
Adik Perempuan,
Adik lelaki,
Isteri,
Suami,
Abang ipar,
Kakak ipar,
Anak saudara lelaki,
Anak saudara Perempuan,
Bapa saudara,
Ibu saudara,
Sepupu,
Nota,
Halaman,
Alat,
Peralatan dapur,
Peralatan elektrik,
Bekas,
Peranti,
Skrin,
Kecil,
Besar,
Pilih,
Cukur,
Cuci baju,
Gosok baju,
Menyedut,
Membersih,
Pakai kasut,
Potong rambut,
Buang air besar,
Buang air kecil,
Suap
Berkebun
Menjahit
Membantu
Mengaduk
Mencampur
Memanaskan
Menyetrika
Menyimpan
Membawa
Menonton
Membeli
Mengambil
Menyara
Nasihatkan
Beri
Ayam
Ikan
Udang
Kucing
Harimau
Tupai
Aiskrim
Pisau
Bunga
Kek
Surat khabar,
Bulat
Bujur
Empat segi sama,
Segitiga
Keras
Cantik
Bahagia
Hijau
Lapang
Perbualan
Telefon
Kaunter
Restoran
Percutian
Perjalanan
Kedai
Pantai
Pulau
Sungai
Surau
Pasar
Tatabahasa
Vokal
Diftong
Konsonan
Gugusan Konsonan,
Kata Nama,
Kata Ganti Nama Diri,
Pola Ayat Dasar,
Frasa Nama,
Frasa Kerja,
Frasa Adjektif,
Frasa Sendi,
Kata Adjektif,
Kata Tanya,
Kata Tunjuk,
Kata Kerja,
Kata Sendi Nama,
Kata Bantu,
Kata Hubung,
Kata Penguat,
Imbuhan MeN-,
Penanda Wacana,
Ayat
Frasa
Perkataan
Komunikasi
Kursus
Pensyarah
Universiti
Silibus
Tugasan
Refleksi
Kuiz
Pembentangan
Penulisan
Peperiksaan Akhir,
Ulang Kaji,
Objektif Pembelajaran,
Aktiviti
Arahan
Pengenalan
Perbincangan
Penerangan
Komunikasi
Mempunyai
Cadangan
Menerima
Menolak
Tetapi
Supaya
Menggunakan
Menerangkan
Memahami
Kefahaman membaca,
